ID,Label,Accepted,Score,Begin Time (s),End Time (s),Call Length (s),Principal Frequency (kHz),Low Freq (kHz),High Freq (kHz),Delta Freq (kHz),Frequency Standard Deviation (kHz),Slope (kHz/s),Sinuosity,Mean Power (dB/Hz),Tonality,Peak Freq (kHz)
1,Complex,TRUE,0.671023369,0.919632216,0.937832216,0.0182,66.07954545,61.81818182,75.3125,13.49431818,3.914931944,347.4947671,1.50577641,-100.8070114,0.378682935,75.3125
2,Upward,TRUE,0.605597675,1.078289709,1.081929709,0.00364,74.14837786,61.26669847,77.48807252,16.22137405,5.421805289,3888.446159,1.125724124,-99.78160335,0.460551052,74.6254771
3,Chevron,TRUE,0.659694731,26.35339865,26.36851865,0.01512,67.51947055,60.84951008,68.75464842,7.90513834,2.379548065,-268.8616619,1.91162785,-99.35834457,0.497454999,68.75464842
4,Chevron,TRUE,0.799305201,26.56782555,26.58956155,0.021736,69.48863636,61.11543062,73.67523923,12.55980861,2.684990147,-254.1947266,2.058128815,-95.73271122,0.595192488,70.08672249
5,Downward,TRUE,0.807812512,30.17753215,30.21275615,0.035224,69.40768828,64.17756276,74.11480126,9.937238494,2.492428388,-231.361005,1.235287932,-86.22767283,0.735568244,72.02275105
6,Complex,TRUE,0.889926672,30.34693942,30.40785142,0.060912,67.61704947,62.75839223,73.80079505,11.04240283,2.897830406,-106.5992753,1.685886983,-82.62292354,0.799811316,72.91740283
7,Complex,TRUE,0.727591872,30.52549434,30.57092234,0.045428,69.23336331,66.31070144,72.15602518,5.845323741,1.611139678,-41.5973467,1.430917819,-86.47288889,0.731828866,72.15602518
8,Complex,TRUE,0.80280292,30.70442641,30.74906641,0.04464,67.91917671,59.88704819,74.94728916,15.06024096,4.783237657,-170.0643441,2.390498754,-93.29165942,0.583815321,70.9312249
9,Upward,TRUE,0.765297294,30.8972429,30.9138509,0.016608,68.49497126,62.02945402,71.36853448,9.33908046,3.399322977,505.8703911,1.389961222,-93.48735646,0.618818277,71.36853448
10,Upward,TRUE,0.707278967,31.05302139,31.06172139,0.0087,67.18321918,56.48116438,70.17979452,13.69863014,4.761472349,1235.186446,2.063570419,-99.89520729,0.508979156,68.46746575
11,Complex,TRUE,0.733535945,31.20744071,31.22240071,0.01496,64.31985294,61.37867647,69.46691176,8.088235294,2.493289406,463.7259461,1.23521584,-89.29197584,0.705671522,69.46691176
12,Upward,TRUE,0.52361083,31.37768021,31.38089621,0.003216,62.95138889,52.7662037,66.65509259,13.88888889,5.151376299,4256.988865,1.022728725,-106.1127716,0.364116548,61.09953704
13,Downward,TRUE,0.599081457,32.49614652,32.51487852,0.018732,61.20535714,57.85714286,62.32142857,4.464285714,1.389497723,-216.1165628,1.176856969,-103.0630646,0.463625409,60.08928571
14,Upward,TRUE,0.656277895,32.88303392,32.90043392,0.0174,56.67025862,48.04956897,67.01508621,18.96551724,7.009622096,969.158102,1.738729893,-104.3055678,0.399082347,66.15301724
15,Complex,TRUE,0.743133485,33.04923156,33.07111956,0.021888,67.0494186,59.78197674,69.22965116,9.447674419,3.265757583,-181.1065057,1.500967608,-95.44157938,0.577940393,67.77616279
16,Complex,TRUE,0.615076602,33.52982654,33.55107854,0.021252,60.37808642,52.27623457,73.1095679,20.83333333,5.956237582,367.0403896,2.017132572,-102.2657274,0.378599886,70.02314815
17,Downward,TRUE,1,39.94534631,39.95782631,0.01248,61.37282247,58.96897632,61.7734635,2.804487179,0.949627568,-186.7790329,1.211550915,-99.40314599,0.524919049,61.7734635
18,Downward,TRUE,0.775304675,40.11279818,40.15278218,0.039984,67.13414634,53.1097561,73.23170732,20.12195122,5.091163483,-278.8776917,2.214791391,-86.49706743,0.71606639,70.79268293
19,Downward,TRUE,0.751013875,40.29632646,40.32471846,0.028392,70.22370219,57.24556011,74.32206284,17.07650273,4.190729677,-310.9122634,1.411154091,-85.9366096,0.742839627,72.27288251
20,Complex,TRUE,0.620127261,40.85591421,40.91182621,0.055912,67.99586777,55.59917355,71.09504132,15.49586777,3.894230142,-170.9742459,1.721330236,-98.2085405,0.443160525,71.09504132
21,Complex,TRUE,0.837337852,41.02375927,41.05979527,0.036036,67.28594322,63.85187729,70.72000916,6.868131868,2.014933947,-164.1323555,1.449846714,-90.23894681,0.638933837,69.34638278
22,Downward,TRUE,0.800940156,41.21687715,41.26237315,0.045496,69.25925926,64.11522634,72.8600823,8.744855967,2.443679642,-164.1181918,1.25665167,-85.00801309,0.74205879,71.31687243
23,Complex,TRUE,0.871754169,41.41778953,41.45896153,0.041172,68.18207763,58.47888128,72.74828767,14.26940639,4.599387,-312.1662281,1.649927973,-90.93656621,0.638538746,72.74828767
24,Complex,TRUE,0.790818334,41.60987488,41.64443488,0.03456,68.79381919,63.72001845,72.48385609,8.763837638,1.80036181,-9.421050093,1.976683401,-89.63953578,0.703626291,69.2550738
25,Complex,TRUE,0.674001813,43.350507,43.369227,0.01872,62.30229592,59.11352041,66.76658163,7.653061224,2.182390132,309.4433039,1.20218395,-96.27023768,0.556675869,66.76658163
26,Downward,TRUE,0.726423144,43.51502517,43.53622917,0.021204,68.29215116,56.66424419,70.47238372,13.80813953,4.28005287,-483.14542,1.465520885,-96.6081626,0.570105946,69.74563953
27,Downward,TRUE,0.669745624,45.64914413,45.66929613,0.020152,66.76630435,63.50543478,67.85326087,4.347826087,1.029591244,-131.9133377,1.186737234,-81.16778565,0.790779542,66.22282609
28,2Syllabes,TRUE,0.701366663,45.78680476,45.84304476,0.05624,66.89144737,51.10197368,79.39144737,28.28947368,5.12829258,-193.1480569,2.113071955,-83.36527296,0.731981724,67.54934211
29,Complex,TRUE,0.725180626,45.9571182,46.0191582,0.06204,67.73409894,62.8754417,70.82597173,7.950530035,1.841067675,-68.45194522,1.4237457,-77.81052991,0.780124537,67.29240283
30,Complex,TRUE,0.744969666,46.15983896,46.21227096,0.052432,68.53705752,61.89988938,80.70519912,18.80530973,2.947838181,-107.7055546,1.709070085,-88.56114288,0.650108965,67.43086283
31,Chevron,TRUE,0.715402722,46.36501988,46.37677988,0.01176,68.45458794,65.26581243,69.09234304,3.826530612,1.367212678,-187.8142839,1.352656915,-87.46292907,0.675050888,69.09234304
32,Downward,TRUE,1,46.38688696,46.42835896,0.041472,65.99447708,49.28940796,68.29862455,19.00921659,5.685427434,-384.5144048,1.229512764,-88.41643263,0.657061542,67.72258768
33,Downward,TRUE,0.771765351,46.54824996,46.59384996,0.0456,68.75,53.125,71.875,18.75,4.779774625,-294.0531853,1.238078307,-85.37537784,0.718189993,69.375
34,Downward,TRUE,0.630545676,46.7244274,46.7669034,0.042476,68.46842833,64.33079767,72.60605899,8.275261324,2.081108566,-137.1185224,1.455534266,-80.716389,0.750397391,67.81511823
35,Chevron,TRUE,1,46.78380828,46.79900028,0.015192,59.69103867,54.95170218,63.83795811,8.886255924,3.386248598,-379.2808992,2.097970549,-99.95811798,0.472905407,61.46828986
36,Downward,TRUE,0.829565227,46.91882543,46.96900143,0.050176,66.63194444,52.74305556,69.96527778,17.22222222,4.273756098,-236.4735217,1.455953789,-91.8869253,0.601172037,69.40972222
37,Chevron,TRUE,0.696839154,47.11809183,47.14713183,0.02904,69.0933642,59.57690329,69.86496914,10.28806584,2.549389617,-135.7531981,1.554801841,-85.87483726,0.662831617,69.86496914
38,Chevron,TRUE,0.740026712,47.48540055,47.50260055,0.0172,71.01017442,66.6497093,71.7369186,5.087209302,1.416398417,14.80645579,1.190022068,-89.77097218,0.680625275,71.01017442
39,Downward,TRUE,0.822779059,47.64361861,47.68801861,0.0444,69.20326577,54.00056306,73.70777027,19.70720721,4.688925672,-253.6391943,2.443085757,-92.09753353,0.616014501,70.89245495
40,Complex,TRUE,0.822922766,47.83012175,47.86882175,0.0387,67.34789823,59.88108407,71.49612832,11.61504425,3.53524501,-243.4823643,1.437630263,-89.08215017,0.699697821,70.94303097
41,Chevron,TRUE,0.805095911,47.9917096,48.0261856,0.034476,68.4966716,47.41678994,71.08542899,23.66863905,6.767918056,-428.2530318,1.797681468,-95.17792045,0.545012419,67.38720414
42,Chevron,TRUE,0.786169231,48.17118026,48.19897226,0.027792,67.75420984,52.85783679,69.69721503,16.83937824,4.240292609,-332.5562401,1.345886312,-97.83474937,0.490595233,69.69721503
43,Downward,TRUE,0.614860296,49.2612691,49.2796291,0.01836,65.13888889,52.7119883,66.60087719,13.88888889,3.967197845,-506.8993383,1.699265393,-101.8908645,0.445752328,65.86988304
44,Downward,TRUE,0.823376954,52.60941008,52.63489808,0.025488,65.99719101,51.95224719,67.40168539,15.4494382,4.801195958,-531.4453565,1.286819131,-94.51476342,0.609999449,66.6994382
45,Chevron,TRUE,0.80042696,52.78347335,52.80366935,0.020196,68.05851064,60.07978723,70.05319149,9.973404255,2.648560441,-240.6561589,1.763398954,-95.63371577,0.59782104,68.72340426
46,Downward,TRUE,0.657847881,52.9919775,53.0156575,0.02368,65.390625,47.8125,68.125,20.3125,5.177129368,-475.330765,1.435276341,-100.8464527,0.448169054,67.34375
47,Chevron,TRUE,0.544726491,63.91678565,63.93123365,0.014448,49.31587838,48.8332529,51.24638031,2.413127413,0.691950231,99.85099918,1.180525718,-111.2853621,0.267044464,49.79850386
48,Downward,TRUE,0.529936671,64.74126637,64.75185037,0.010584,56.05263158,51.44736842,57.36842105,5.921052632,2.395418394,-671.32116,1.114153134,-107.4877806,0.279064545,54.73684211
49,Upward,TRUE,0.542172909,65.12346203,65.15014203,0.02668,58.63501082,49.97700216,62.42288961,12.44588745,4.494709181,-425.600361,1.782376464,-104.0857705,0.290423861,62.42288961
50,Complex,TRUE,1,65.45665303,65.47602103,0.019368,63.66965578,60.41686768,66.45775987,6.040892193,2.450498885,261.7392921,1.090061125,-109.5951323,0.25261392,65.52839184
51,Downward,TRUE,0.799790561,67.58964633,67.61985433,0.030208,68.13559322,62.83898305,70.25423729,7.415254237,1.735385521,-160.7108686,1.291919666,-92.05193621,0.631403286,70.25423729
52,Downward,TRUE,0.789976478,67.76171227,67.83284827,0.071136,67.4226597,43.29985269,75.64634391,32.34649123,8.641754299,-265.1454127,4.313605918,-89.32194789,0.637233924,67.97090532
53,Downward,TRUE,0.911666691,67.93961332,68.00482132,0.065208,68.58870968,59.51612903,73.62903226,14.11290323,3.173639453,-124.7571393,1.814198027,-81.76016509,0.794455702,71.61290323
54,Complex,TRUE,0.691553652,68.12688747,68.16807947,0.041192,69.17279412,62.73897059,72.38970588,9.650735294,2.154992986,-138.1690444,1.485118743,-68.70970185,0.846055431,69.63235294
55,Complex,TRUE,0.678660214,68.30026141,68.33101741,0.030756,72.06463675,61.9150641,72.59882479,10.68376068,2.177779259,36.25508549,1.547158712,-82.63496106,0.787155332,71.53044872
56,Chevron,TRUE,0.616472006,74.57184712,74.58864712,0.0168,65.83816225,53.42094371,68.32160596,14.90066225,4.001396695,-258.946922,1.732534795,-96.22114605,0.56361167,67.49379139
57,Upward,TRUE,0.593956769,74.76329539,74.77039939,0.007104,65.74414673,49.80454941,73.2944823,23.48993289,7.852033677,3278.028656,1.061494022,-102.152084,0.377468517,69.09985143
58,Complex,TRUE,0.67697984,74.91372094,74.94472894,0.031008,67.34872463,58.20238317,77.10482219,18.90243902,4.46647363,120.7096347,2.569526483,-93.87771454,0.608102058,72.83652951
59,Chevron,TRUE,0.676098585,76.94864537,76.96342937,0.014784,61.44251089,55.43968603,63.20804761,7.768361582,2.582287301,192.0194514,1.652201176,-89.55731825,0.710316614,63.20804761
60,Chevron,TRUE,0.761193156,77.20885002,77.23033002,0.02148,58.71527778,52.46527778,60.10416667,7.638888889,2.625571629,29.72257264,1.561352697,-101.8366803,0.467264078,58.02083333
61,Complex,TRUE,0.748236716,77.39716848,77.42264048,0.025472,63.75,59.375,66.875,7.5,2.193579215,-61.66989694,1.412992122,-98.10263121,0.529819251,65.625
62,Chevron,TRUE,0.74815613,81.86521528,81.88394728,0.018732,69.19642857,64.17410714,70.3125,6.138392857,1.751167202,-136.005038,1.501455279,-89.73162128,0.672824493,70.3125
63,Chevron,TRUE,0.707013607,82.03997561,82.06200761,0.022032,60.72408537,52.7972561,61.33384146,8.536585366,2.378176999,124.3371846,1.825124548,-102.3504934,0.43397996,61.33384146
64,Chevron,TRUE,1,82.24967054,82.26015054,0.01048,56.42861289,54.52747221,56.90389806,2.376425856,0.913105458,-57.72026714,1.546941345,-107.2596468,0.318841524,56.42861289
65,Downward,TRUE,0.599564672,83.90534353,83.92464353,0.0193,58.03479381,51.91365979,62.86726804,10.95360825,2.931014878,-567.6289049,1.092095761,-103.5708726,0.389043121,59.00128866
66,Downward,TRUE,0.821850717,84.06679631,84.10267631,0.03588,69.38137755,54.0752551,73.20790816,19.13265306,4.853743468,-393.2172652,1.289369193,-89.22921329,0.671766913,72.57015306
67,Downward,TRUE,0.727671146,84.25146768,84.31566768,0.0642,66.32994186,51.21366279,73.8880814,22.6744186,5.802579654,-250.4730539,1.635483028,-87.24951235,0.648613844,70.98110465
68,Chevron,TRUE,0.83723104,84.43952613,84.47376613,0.03424,70.20348837,57.4127907,73.11046512,15.69767442,3.463824577,-205.416638,1.482984063,-88.95051424,0.674029607,71.94767442
69,Downward,TRUE,0.834956646,84.63490869,84.67391669,0.039008,67.61824324,52.0777027,71.6722973,19.59459459,6.061717502,-449.938155,1.242243925,-96.59730511,0.501988806,69.64527027
70,Complex,TRUE,0.693162382,84.86773967,84.88322767,0.015488,52.86931818,52.15909091,58.55113636,6.392045455,1.809826674,279.1002563,1.151533166,-101.0528575,0.437859308,54.28977273
71,Downward,TRUE,0.642064691,85.21667142,85.24372742,0.027056,65.13342697,51.08848315,67.24016854,16.15168539,4.598507004,-432.4555952,1.230557189,-92.43498894,0.579603301,66.53792135
72,Chevron,TRUE,0.567793906,85.40638476,85.41905676,0.012672,54.65111819,51.51041467,55.90739959,4.396984925,1.318259451,-64.14835616,1.31284885,-107.2750101,0.298959517,53.39483678
73,Chevron,TRUE,0.683797836,88.21673871,88.23469071,0.017952,62.66544118,56.6493984,64.67078877,8.021390374,2.47476709,-127.8605006,1.549666657,-93.51330775,0.607777424,64.00233957
74,Chevron,TRUE,0.690309703,88.4125671,88.4288511,0.016284,58.3497191,53.43398876,59.05196629,5.617977528,1.76526012,58.64997419,1.304354044,-102.6836867,0.431488408,58.3497191
75,Downward,TRUE,0.718375683,90.01250587,90.03422587,0.02172,64.55526971,50.05250728,66.62709291,16.57458564,3.912176856,62.69440651,2.004846862,-89.91065285,0.676061693,65.93648518
76,Downward,TRUE,0.874375284,90.76152875,90.78728875,0.02576,65.35472973,50.15202703,67.71959459,17.56756757,5.356790176,-559.3294738,1.372535683,-94.93574164,0.576845624,67.71959459
77,Complex,TRUE,0.648003519,93.55129552,93.57515152,0.023856,59.25786545,51.66440751,62.76253835,11.09813084,2.481058688,77.00083842,2.044983208,-99.17264846,0.519176921,57.505529
78,Complex,TRUE,0.649697065,94.04866005,94.08926805,0.040608,64.41964286,47.13853687,68.45190092,21.31336406,6.680438658,-287.5781097,3.258436608,-91.78886171,0.611323293,68.45190092
79,Downward,TRUE,0.60845077,94.22662342,94.25254342,0.02592,65.9375,48.57638889,68.54166667,19.96527778,6.612525814,-578.6404699,1.638560507,-93.7123971,0.538458913,66.80555556
80,Complex,TRUE,0.63714987,94.40717247,94.44918047,0.042008,66.18889665,48.73079609,71.0771648,22.34636872,7.482308541,-435.4959939,1.77606455,-95.95344903,0.533558658,68.98219274
81,Complex,TRUE,0.861266136,94.73689155,94.76575555,0.028864,63.29545455,48.52272727,67.46212121,18.93939394,6.673270487,-617.8464838,1.76339266,-98.91834637,0.487676093,65.9469697
82,Downward,TRUE,0.808824122,97.92309316,97.95095316,0.02786,70.9375,54.6875,71.5625,16.875,4.406623405,-164.3475988,2.17439159,-77.97404999,0.807008609,71.5625
83,Downward,TRUE,0.725595772,98.62230241,98.66328641,0.040984,63.90268265,50.77482877,70.18122146,19.40639269,5.015629083,-340.638329,1.770160829,-95.04639881,0.506755946,70.18122146
84,Complex,TRUE,0.880215347,98.81545247,98.86115647,0.045704,67.39583333,49.71906566,70.55239899,20.83333333,7.004378756,-307.961508,2.270559556,-90.63671273,0.639713429,69.92108586
85,Chevron,TRUE,0.634446144,99.17856341,99.19576341,0.0172,65.02314815,59.81481481,66.18055556,6.365740741,1.672958527,-141.5735427,1.31895343,-99.93269632,0.469957272,66.18055556
86,Downward,TRUE,0.776646614,99.33800272,99.37688272,0.03888,68.75,53.7037037,71.06481481,17.36111111,4.628971965,-326.8819366,1.580021383,-94.39933099,0.495239319,67.59259259
87,Complex,TRUE,0.776683867,99.53109146,99.56837546,0.037284,69.42708333,65,72.29166667,7.291666667,2.209669344,-103.9013171,1.471253822,-81.20979661,0.803350584,71.77083333
88,Downward,TRUE,0.630452037,99.86561059,99.89413059,0.02852,70.38014069,55.76975108,70.92126623,15.15151515,3.449183279,-243.2063665,1.404344333,-92.80453584,0.551376858,70.92126623
89,Downward,TRUE,0.621830225,100.3644845,100.3994045,0.03492,67.59342784,55.99548969,70.81507732,14.81958763,4.406934991,-376.960626,1.197565546,-99.29403337,0.420292374,66.94909794
90,Downward,TRUE,0.636757076,100.5354198,100.5866798,0.05126,68.5944206,53.03648069,72.88626609,19.84978541,6.017626576,-193.7563726,2.684269537,-92.04721102,0.590324651,72.88626609
91,Downward,TRUE,0.861778319,100.7195017,100.7641897,0.044688,70.36708515,62.72516376,73.09634279,10.37117904,3.597603673,-238.3451657,1.262711086,-90.38173668,0.641821721,73.09634279
92,Chevron,TRUE,0.715220332,100.9013562,100.9320962,0.03074,70.79417293,67.03477444,72.20394737,5.169172932,1.467123509,-97.24554844,1.375128319,-87.3128797,0.730438417,71.26409774
93,Complex,TRUE,0.683763623,101.0902304,101.1360304,0.0458,65.33770329,49.57683372,70.77248589,21.19565217,7.286703263,-436.965583,2.212115352,-96.54623359,0.503642585,68.05509459
94,Chevron,TRUE,0.570292234,101.2829099,101.3095339,0.026624,70.97039474,58.41058612,72.76465311,14.35406699,3.730509309,-243.6221471,1.582826196,-94.1001132,0.600497489,71.56848086
95,2Syllabes,TRUE,0.684077621,101.9990449,102.0312529,0.032208,72.5101626,57.26626016,96.9004065,39.63414634,11.5321019,484.6151751,2.413075778,-99.76699104,0.399903495,73.52642276
96,Downward,TRUE,1,104.7566498,104.7776898,0.02104,50.27021166,44.11490863,50.74369651,6.628787879,1.998684562,82.65142954,2.771303744,-106.8117798,0.334429694,50.74369651
97,Downward,TRUE,0.801507354,104.893644,104.931444,0.0378,69.36759479,52.77991706,71.73726303,18.95734597,5.188628679,-240.7403812,2.176532437,-91.99427971,0.637895732,71.14484597
98,Complex,TRUE,0.607462645,105.0913375,105.1015295,0.010192,56.02335165,50.87225275,57.74038462,6.868131868,2.438531221,-636.1625319,1.364226025,-105.2608992,0.341712006,57.74038462
99,Complex,TRUE,0.810438395,109.6793363,109.7052363,0.0259,64.34966216,53.53885135,66.37668919,12.83783784,3.203484583,-169.1010639,1.478623461,-99.29882221,0.476568274,64.34966216
100,D.Chevron,TRUE,0.866175175,109.8622931,109.9286611,0.066368,66.16803279,51.82377049,72.31557377,20.49180328,4.425880986,-103.7999767,1.994071972,-94.86658799,0.530425514,66.68032787
101,2Syllabes,TRUE,0.723818421,110.0744093,110.1124053,0.037996,71.13354037,56.38198758,91.31987578,34.9378882,7.243414879,240.4092568,1.677821146,-91.8497404,0.56743719,71.13354037
102,Complex,TRUE,0.538224697,110.6395195,110.6489875,0.009468,55.69128788,53.79734848,56.63825758,2.840909091,1.075087523,4.27901E-13,1.733458462,-106.6974121,0.323325782,56.63825758
103,Downward,TRUE,0.714576244,110.9922242,111.0494242,0.0572,66.36363636,51.59090909,73.75,22.15909091,4.894369898,88.96089769,1.583100869,-97.90835973,0.433453203,66.93181818
104,Downward,TRUE,0.843997478,111.175129,111.215029,0.0399,67.86931818,50.11363636,70.71022727,20.59659091,5.748348151,-397.305062,1.252050277,-90.3882071,0.653755304,68.57954545
105,Complex,TRUE,0.680885673,111.3427054,111.3863774,0.043672,69.63895631,49.00788835,78.74089806,29.73300971,7.132859207,-337.9005132,2.818151896,-90.33104589,0.599216505,73.27973301
106,Composite,TRUE,0.630088866,111.5256399,111.5402559,0.014616,88.04597701,59.31034483,95.22988506,35.91954023,14.49910543,-1098.003649,2.229697446,-97.75454107,0.480227129,90.91954023
107,Upward,TRUE,0.635392487,111.7003814,111.7053854,0.005004,82.58928571,76.33928571,85.26785714,8.928571429,3.13419848,1819.972593,1.067746366,-102.9663161,0.395085979,83.48214286
108,Upward,TRUE,0.516225338,111.8609072,111.8690192,0.008112,101.7973726,95.02985669,107.7687102,12.7388535,4.583585459,1502.040449,1.035586123,-107.7419308,0.36832913,102.1954618
109,Downward,TRUE,0.745952249,112.8704775,112.8967175,0.02624,61.76881068,49.63288835,63.58919903,13.95631068,4.437466713,-475.1105957,1.260710963,-93.63406104,0.592635371,63.58919903
110,Downward,TRUE,0.750716329,113.0559191,113.1012631,0.045344,66.99254587,51.5108945,71.57970183,20.06880734,5.476831373,-296.0674867,1.740901426,-82.98885971,0.739378853,69.85951835
111,Downward,TRUE,0.837187171,113.2402783,113.2922623,0.051984,67.89473684,51.17324561,71.45833333,20.28508772,5.704751677,-263.6360929,1.873831472,-83.30855172,0.693718841,69.26535088
112,Downward,TRUE,0.837508559,113.4159409,113.4806209,0.06468,68.25203252,53.00813008,73.33333333,20.32520325,5.348899809,-246.6486148,1.333058335,-77.94800899,0.789535719,68.25203252
113,2Syllabes,TRUE,0.66092515,113.6047866,113.6532506,0.048464,69.37232906,53.34668803,73.1116453,19.76495726,5.27509641,-176.5427467,1.903150808,-73.29673095,0.789359667,71.5090812
114,2Syllabes,TRUE,0.672820151,113.8116025,113.8486465,0.037044,69.0625,57.22039474,86.82565789,29.60526316,6.357827105,184.813991,3.018689519,-87.23960578,0.647543498,70.37828947
115,Frequency_Step,TRUE,0.599543929,113.9922982,114.0184582,0.02616,81.1259542,49.30777238,99.30777238,50,21.53557347,426.635353,2.939655734,-103.1065415,0.340165338,84.53504511
116,2Syllabes,TRUE,0.676534951,114.3290612,114.3779092,0.048848,68.05232558,48.43023256,78.22674419,29.79651163,8.035103249,100.462272,1.698287206,-91.21265441,0.564454266,68.05232558
117,Downward,TRUE,0.532683134,114.5237608,114.5296128,0.005852,81.875,78.60119048,83.36309524,4.761904762,1.556668337,25.42883182,1.949715885,-105.031925,0.34127142,82.76785714
118,Composite,TRUE,0.620494366,115.4076053,115.4298773,0.022272,55.98958333,50.78125,104.1666667,53.38541667,6.752923049,-158.3449894,2.381971384,-100.2715372,0.35236732,58.59375
119,Chevron,TRUE,0.72135973,117.7997732,117.8217172,0.021944,62.24646226,54.58136792,63.42570755,8.844339623,2.22627723,-107.4776962,1.515243858,-102.3981942,0.414702511,62.24646226
120,Chevron,TRUE,0.785954773,117.9781119,118.0072519,0.02914,67.2606383,60.87765957,67.79255319,6.914893617,1.812329429,-65.13277461,1.43836325,-92.88791097,0.648750185,66.7287234
121,Complex,TRUE,0.766934514,118.1669852,118.2171612,0.050176,64.33851523,48.47557107,71.31821066,22.84263959,8.472413864,-471.4511377,1.962206666,-93.88227482,0.550166976,70.04917513
122,Downward,TRUE,0.697863042,118.3577391,118.3858191,0.02808,66.90262431,48.25621547,69.66505525,21.40883978,6.205032871,-425.6012333,1.659791839,-90.52687395,0.656813169,69.66505525
123,Chevron,TRUE,0.723633587,118.7461695,118.7619215,0.015752,56.38888889,51.52777778,57.77777778,6.25,2.092918223,-65.17077503,1.355732548,-101.3150564,0.481881808,57.77777778
124,Downward,TRUE,0.831691861,119.3002236,119.3299796,0.029756,65.63218391,49.4683908,68.14655172,18.67816092,5.836491538,-275.1538591,1.936361125,-90.13323364,0.67136008,67.42816092
125,Downward,TRUE,0.76656729,119.4870779,119.5233659,0.036288,66.54605263,48.78289474,71.15131579,22.36842105,5.945369172,-275.5435925,2.584338311,-88.6625869,0.693589668,68.51973684
126,Downward,TRUE,0.698359609,121.1102747,121.1404827,0.030208,67.40374473,58.96492616,68.45859705,9.493670886,2.755827497,-178.146157,1.640287073,-93.51317111,0.579344036,67.93117089
127,Downward,TRUE,0.757979035,121.2912608,121.3210568,0.029796,67.59114583,58.15104167,69.86979167,11.71875,3.176384292,-296.1589688,1.262629828,-99.41857567,0.483278184,66.61458333
128,Chevron,TRUE,0.615260124,121.4874064,121.5073704,0.019964,63.86181193,58.70126147,65.00860092,6.30733945,1.871266792,5.457070433,1.440849637,-95.20493217,0.582334002,65.00860092
129,Downward,TRUE,0.828778625,125.2859556,125.3094996,0.023544,68.75573394,64.74197248,70.47591743,5.733944954,1.556116956,-202.9913777,1.170197801,-91.18778183,0.623785908,69.32912844
130,Downward,TRUE,0.685430348,125.4487302,125.5185342,0.069804,68.05080935,57.0346223,72.32239209,15.28776978,3.580628624,-115.0638332,2.848721145,-86.0085978,0.703011738,69.62455036
131,Downward,TRUE,0.790807962,125.632752,125.685752,0.053,69.4375,62.4375,73.9375,11.5,2.734718675,-160.7775872,1.276371866,-78.53196786,0.835254725,73.4375
132,Complex,TRUE,0.882644653,125.8083829,125.8643349,0.055952,68.94675926,62.92824074,73.11342593,10.18518519,3.073842453,-145.3959092,1.82467266,-86.19929928,0.696729927,73.11342593
133,Complex,TRUE,0.730272889,125.9981651,126.0294851,0.03132,72.18535223,67.88981959,73.47401203,5.58419244,1.36580298,-49.55635449,1.453933473,-91.74877945,0.577169408,71.75579897
134,Complex,TRUE,0.740388811,126.1705469,126.1979229,0.027376,72.79404008,69.62948312,73.32146624,3.691983122,1.084740737,-32.81435737,1.259268145,-76.91400437,0.843028904,72.79404008
135,Upward,TRUE,0.507748842,129.4548754,129.4720514,0.017176,51.13160793,49.47962555,53.3342511,3.854625551,1.127772185,-146.146364,1.192295094,-109.4832882,0.275969401,51.13160793
136,Chevron,TRUE,0.533340633,130.5734091,130.5950571,0.021648,66.98863636,61.68560606,68.50378788,6.818181818,2.143225208,-67.0495975,1.23752019,-84.69590623,0.717552007,66.98863636
137,Downward,TRUE,0.718371868,131.6894167,131.7222607,0.032844,66.69753086,48.56481481,69.39814815,20.83333333,5.984408816,-501.5368882,1.45847326,-86.48912754,0.7182772,69.39814815
138,Downward,TRUE,0.77400589,132.0438194,132.0868754,0.043056,68.38942308,52.16346154,71.99519231,19.83173077,5.784667541,-406.4403946,1.178463396,-84.17963906,0.669850136,70.19230769
139,Downward,TRUE,0.765830874,132.24398,132.27492,0.03094,67.68099548,58.06561086,69.37782805,11.31221719,2.770915999,-209.8185489,1.322705351,-82.29185279,0.710607907,69.37782805
140,Downward,TRUE,1,132.4403423,132.4828023,0.04246,66.78459835,42.82086778,71.3182771,28.49740933,8.382264725,-428.9648479,2.11321627,-88.29534111,0.556813122,69.37527192
141,Harmonic,TRUE,0.804482698,132.6161465,132.6563785,0.040232,70.64836449,57.21378505,74.15303738,16.93925234,4.234139929,-191.9899068,2.09487927,-78.9285481,0.760834812,70.64836449
142,Downward,TRUE,0.864608049,132.7984946,132.8536826,0.055188,69.46022727,51.27840909,73.4375,22.15909091,6.78502655,-357.7003523,1.339657873,-83.41450014,0.706446562,70.59659091
143,Downward,TRUE,0.660952985,132.9997846,133.0414366,0.041652,69.95335821,66.22201493,72.75186567,6.529850746,1.898275202,-105.7798628,1.964229222,-94.31082476,0.533010352,71.35261194
144,Downward,TRUE,0.595950067,134.0330922,134.0707602,0.037668,66.40268265,52.13327626,68.68578767,16.55251142,4.70606473,-207.9609139,2.761775134,-92.25771365,0.612245253,68.11501142
145,Complex,TRUE,0.715283036,134.260449,134.282537,0.022088,66.39384921,63.41765873,67.3859127,3.968253968,1.043192017,9.275746003,1.277271333,-87.23782789,0.732457901,66.88988095
146,Chevron,TRUE,0.678735971,135.2955589,135.3325429,0.036984,69.81435644,53.72524752,71.67079208,17.94554455,5.078289459,-139.9070037,2.291450829,-86.26597928,0.652939669,69.81435644
147,Chevron,TRUE,1,135.6411951,135.6599951,0.0188,68.21158844,60.23286503,69.54137567,9.308510638,2.307094624,-66.09097937,1.588592571,-89.39734852,0.447156219,68.21158844
148,Downward,TRUE,0.733094215,135.8048241,135.8420481,0.037224,67.89415829,52.1906407,70.40672111,18.2160804,5.68504193,-445.9719925,1.216181651,-99.79607644,0.436265942,67.89415829
149,Complex,TRUE,0.769973278,135.9366753,135.9671793,0.030504,67.08502024,63.03643725,68.09716599,5.060728745,1.335854287,-50.90229453,1.383140385,-91.31354337,0.608820807,67.08502024
150,Composite,TRUE,0.872740209,136.1135349,136.1972469,0.083712,70.43500993,38.47153961,75.57199624,37.10045662,8.909897256,-195.4375538,2.26493752,-75.99221135,0.684025075,69.86423368
151,Composite,TRUE,0.76955539,136.3179156,136.3907996,0.072884,62.5729927,60.74817518,66.22262774,5.474452555,1.953744351,-89.17255365,1.006025674,-71.82480642,0.800484633,64.39781022
152,Complex,TRUE,0.595640957,136.5078969,136.5544889,0.046592,62.94921875,56.6015625,63.4375,6.8359375,1.440930487,3.424720123,1.071140884,-80.54538581,0.684596099,62.4609375
153,Composite,TRUE,1,136.571545,136.580101,0.008556,49.99753755,41.93302142,97.04054831,55.10752688,14.05224727,-1451.537499,5.703471556,-95.56410164,0.551411395,49.99753755
154,Harmonic,TRUE,0.536503196,136.7046468,136.7852388,0.080592,62.21088435,38.40136054,63.91156463,25.51020408,5.366529412,-166.5908501,1.091102267,-71.26671833,0.779463946,62.21088435
155,Harmonic,TRUE,0.723902643,136.910075,136.973795,0.06372,63.75,52.72058824,65.58823529,12.86764706,3.268784299,-112.1075652,1.194950953,-69.61048363,0.814564146,64.66911765
156,Harmonic,TRUE,0.805128515,137.1245487,137.1740247,0.049476,62.91762673,58.88536866,70.98214286,12.09677419,2.842122799,-165.597923,1.395113691,-66.79995159,0.778497807,64.06970046
157,Composite,TRUE,1,137.1979049,137.2069689,0.009064,41.21917205,36.41147974,84.48840282,48.07692308,14.91528172,-2127.430136,4.430455016,-99.32295733,0.464569424,41.21917205
158,Harmonic,TRUE,0.891302645,137.3364115,137.3897475,0.053336,61.2342437,40.22584034,69.63760504,29.41176471,7.065985649,-416.6075091,1.095880053,-72.56519421,0.797293662,62.28466387
159,Composite,TRUE,0.640690088,137.5339876,137.5974076,0.06342,58.11621133,54.00436922,108.280685,54.27631579,16.60007226,489.7513882,2.630886722,-96.65171773,0.347657688,59.76094817
160,Composite,TRUE,0.620158374,137.7793203,137.8144323,0.035112,57.14673913,54.97282609,114.7554348,59.7826087,20.86558263,1285.511841,2.618667128,-101.7053772,0.323013976,57.14673913
161,Composite,TRUE,0.673476398,138.1808874,138.1886954,0.007808,105.8753801,101.8103395,107.9079005,6.097560976,1.76237004,694.1667777,1.081769269,-102.2864689,0.275710476,104.85912
162,Composite,TRUE,1,138.3906822,138.3940422,0.00336,60.19320548,52.44527159,80.33783358,27.89256198,9.595092104,-3920.085596,8.112295402,-99.93905012,0.236615602,55.54444515
163,Downward,TRUE,0.687421322,139.9092659,139.9487459,0.03948,68.03317536,57.96208531,74.54976303,16.58767773,3.896736678,-260.415817,2.099918865,-88.72092846,0.682078225,66.84834123
164,2Syllabes,TRUE,0.760032773,140.1348746,140.1690986,0.034224,67.50336022,55.40658602,68.84744624,13.44086022,4.095026118,-343.6405063,1.132228862,-98.95952482,0.365356038,68.17540323
165,Downward,TRUE,0.787450969,140.9137606,140.9421286,0.028368,67.0463198,56.25951777,68.9498731,12.69035533,3.571138803,-338.0878434,1.240860085,-93.88064736,0.561081875,67.0463198
166,2Syllabes,TRUE,0.796403706,141.3022219,141.3457699,0.043548,67.39583333,56.328125,83.02083333,26.69270833,6.504737424,160.1809337,2.535279082,-100.7014011,0.351924267,62.1875
167,Downward,TRUE,0.553879976,143.9697613,143.9955213,0.02576,67.4048913,60.61141304,70.39402174,9.782608696,3.095039696,-388.3774618,1.039332533,-107.6753035,0.257585094,66.58967391
168,Downward,TRUE,0.852148414,144.1648983,144.2143623,0.049464,67.55434783,53.9673913,73.5326087,19.56521739,5.216922373,-340.0656049,1.179529469,-101.4136478,0.344008426,72.44565217
169,Downward,TRUE,0.778227687,144.3656808,144.4118808,0.0462,66.90135542,52.97063253,71.04292169,18.07228916,4.854767496,-334.3200197,1.081315072,-100.0477725,0.38761756,67.27786145
170,2Syllabes,TRUE,0.740255773,144.5803886,144.6002606,0.019872,70.70133588,68.6632924,72.06003153,3.39673913,0.990773346,-150.048714,1.080257127,-102.507106,0.275207344,71.3806837
171,2Syllabes,TRUE,0.642459393,144.770033,144.798897,0.028864,71.35416667,64.53598485,72.86931818,8.333333333,2.367305629,-213.1663205,1.127035701,-102.4152677,0.295591166,70.59659091
172,Downward,TRUE,0.736422658,144.9608842,145.0011802,0.040296,69.51704545,58.15340909,74.0625,15.90909091,3.314415759,-179.4840288,2.049650021,-104.9280727,0.332196192,68.94886364
173,Chevron,TRUE,0.642533302,145.1709103,145.1889823,0.018072,68.97410359,63.49601594,69.97011952,6.474103586,1.847742574,-206.2415049,1.554019205,-103.722269,0.41087358,69.47211155
174,Downward,TRUE,0.635780275,179.1076183,179.1237303,0.016112,65.79225352,62.85798122,66.37910798,3.521126761,1.056769451,-213.7198887,1.067129544,-106.0279331,0.365907334,65.20539906
175,2Syllabes,TRUE,0.674676538,179.2613793,179.3055393,0.04416,67.1875,58.06587838,69.55236486,11.48648649,2.630560192,-193.6686978,1.107078744,-101.4358263,0.310383846,64.82263514
176,2Syllabes,TRUE,0.654158533,179.4507171,179.4968131,0.046096,67.75467842,56.09423066,73.35169335,17.25746269,4.343566219,-282.1807999,1.635340602,-99.24841464,0.397956826,70.55318588
177,Downward,TRUE,0.729488611,179.6779114,179.7241114,0.0462,71.50622038,54.62233412,72.98726303,18.36492891,5.307143316,-262.7758478,1.900920378,-100.7912478,0.409286003,72.39484597
178,Downward,TRUE,0.713052511,181.1822051,181.2021851,0.01998,67.94763514,62.54222973,69.29898649,6.756756757,1.941663892,-224.1457274,1.200588268,-99.57679333,0.495116329,67.94763514
179,2Syllabes,TRUE,0.640947938,181.3756065,181.4072865,0.03168,68.11440678,51.51836158,70.58615819,19.06779661,4.930835584,-508.2199317,1.248008829,-103.5445374,0.292595539,69.8799435
180,Complex,TRUE,0.758876383,181.9665117,181.9949077,0.028396,96.00543478,91.92934783,98.99456522,7.065217391,1.772866492,151.374101,1.257213637,-97.49222103,0.504617895,96.82065217
181,Complex,TRUE,0.623279393,182.1531096,182.1693216,0.016212,64.23646907,61.65914948,66.81378866,5.154639175,1.194341103,-107.0271777,1.299916174,-106.850501,0.331847199,63.59213918
182,Downward,TRUE,0.626588821,182.1968541,182.2087341,0.01188,76.50568182,73.47537879,79.53598485,6.060606061,2.079939217,-495.4351659,1.040128928,-107.7512473,0.303868242,78.77840909
183,2Syllabes,TRUE,0.63228327,182.3713334,182.3998934,0.02856,93.39285714,58.57142857,97.85714286,39.28571429,12.88478053,811.197362,2.467394156,-99.12720509,0.405682489,89.82142857
184,Downward,TRUE,0.802828014,182.5529298,182.5785338,0.025604,63.8829023,53.46623563,67.83405172,14.36781609,3.709094475,-364.4100557,1.617681785,-104.5753747,0.360000143,65.67887931
185,2Syllabes,TRUE,0.819292843,182.712014,182.75569,0.043676,67.98611111,61.04166667,72.15277778,11.11111111,3.212453737,-205.257817,1.199204255,-97.30896423,0.392031466,72.15277778
186,Downward,TRUE,0.836199701,182.897815,182.942695,0.04488,63.65853659,50.54878049,69.45121951,18.90243902,6.034843844,-422.0239793,1.124333625,-102.2479812,0.365694006,67.01219512
187,2Syllabes,TRUE,0.747454226,183.0674943,183.1273983,0.059904,69.32291667,51.74479167,88.85416667,37.109375,7.073510864,-116.3228455,2.020792275,-99.72575844,0.349657535,69.32291667
188,Downward,TRUE,0.874247551,183.2586689,183.3101489,0.05148,68.33111702,57.69281915,72.58643617,14.89361702,5.090556435,-279.0151866,1.506727365,-94.35653638,0.577965527,68.33111702
189,2Syllabes,TRUE,0.721058726,183.4259903,183.4940303,0.06804,68.92857143,56.13095238,84.10714286,27.97619048,6.483297935,97.18932582,2.406544242,-98.99770021,0.396225528,70.41666667
190,Downward,TRUE,0.646782637,183.6153933,183.6650573,0.049664,68.27724359,52.25160256,75.32852564,23.07692308,6.224252498,-366.6047729,1.986830302,-101.0342615,0.399126258,72.12339744
191,Downward,TRUE,0.678797841,183.8114943,183.8669343,0.05544,65.65340909,51.73295455,71.61931818,19.88636364,7.512369882,-427.6174819,1.207543298,-100.3538184,0.394139824,71.05113636
192,Chevron,TRUE,0.772603691,184.0266328,184.0566888,0.030056,64.38626126,54.25112613,65.51238739,11.26126126,2.585127418,-73.32944184,1.666425177,-101.7030792,0.401462312,65.51238739
193,Upward,TRUE,0.567325473,190.1760378,190.1805738,0.004536,93.10855263,89.81907895,93.76644737,3.947368421,1.464075369,683.7530334,1.309404076,-101.4358239,0.400050896,93.76644737
194,Downward,TRUE,0.723737001,190.3054692,190.3390692,0.0336,70.88541667,65.41666667,72.70833333,7.291666667,1.842475851,-166.6007525,1.147892335,-96.63459017,0.527650791,71.14583333
195,2Syllabes,TRUE,0.735834718,190.4934671,190.5605391,0.067072,70.93155894,63.80228137,83.28897338,19.48669202,4.177667877,33.22984359,2.27884412,-91.67791852,0.521936406,71.40684411
196,Downward,TRUE,0.640080273,190.693951,190.745251,0.0513,70.57910839,62.05638112,73.42001748,11.36363636,2.603234635,-124.9352484,1.548905347,-90.12526293,0.640414322,69.48645105
197,2Syllabes,TRUE,0.744349182,190.9130916,190.9907396,0.077648,69.97334123,61.67950237,95.44727488,33.76777251,8.260081012,168.1660164,2.753918334,-95.59686737,0.405016757,91.89277251
198,2Syllabes,TRUE,0.74242425,191.1327583,191.1902063,0.057448,70,58.0952381,97.5297619,39.43452381,11.153134,187.2511239,2.186891474,-89.20110189,0.599550587,96.78571429
199,Upward,TRUE,0.836886346,191.3467772,191.3784572,0.03168,96.52149321,84.64366516,98.21832579,13.57466063,3.76506595,225.3702912,2.095380464,-89.75533332,0.678056745,97.08710407
200,Downward,TRUE,0.544573188,192.7969289,192.8123649,0.015436,65.79495614,64.1502193,70.18092105,6.030701754,1.324679312,41.30072905,1.425130318,-102.349279,0.414697452,65.79495614
201,Downward,TRUE,0.798078299,192.9910823,193.0398383,0.048756,68.08185146,55.52955021,70.69691423,15.16736402,3.716397228,-179.0763299,1.691244688,-96.99076098,0.513448057,70.17390167
202,Downward,TRUE,0.680364132,193.1807009,193.2338369,0.053136,69.61538462,61.01214575,73.66396761,12.65182186,3.006017205,-174.1020476,1.295997687,-97.08367463,0.470823656,72.65182186
203,Downward,TRUE,0.681221843,193.3659699,193.4174899,0.05152,69.15178571,64.24107143,74.0625,9.821428571,2.059355739,-102.1842522,1.589274743,-93.72331316,0.567712294,70.9375
204,Downward,TRUE,0.633234918,193.5568725,193.6033365,0.046464,68.6869856,60.45653292,74.34542181,13.88888889,2.86541157,-168.5865908,1.387738725,-99.65116761,0.435417931,68.6869856
205,Complex,TRUE,0.810039997,193.7585756,193.8018356,0.04326,69.6875,65.45362903,71.50201613,6.048387097,1.627081817,-50.04781077,1.855419252,-95.02858418,0.605397887,69.8891129
206,Downward,TRUE,0.80729425,193.9395446,193.9866686,0.047124,69.7737069,56.30387931,71.92887931,15.625,3.659780193,-174.5395393,1.368001042,-93.23819223,0.574211569,70.8512931
207,Downward,TRUE,0.894192755,194.1239778,194.1822978,0.05832,69.38400206,55.49511317,72.47042181,16.97530864,4.062552918,-142.450418,1.829657748,-95.76907047,0.528344967,65.78317901
208,Downward,TRUE,0.672239125,194.3338193,194.3723793,0.03856,68.93336777,57.5697314,70.48295455,12.91322314,3.260285566,-158.5985088,1.499095584,-93.8238831,0.566832068,69.96642562
209,Downward,TRUE,0.811970234,194.517321,194.565057,0.047736,69.50854701,56.42094017,74.0491453,17.62820513,3.964454616,-188.102133,1.996917152,-95.18183085,0.541171642,68.70726496
210,Downward,TRUE,0.806233764,194.7116478,194.7508398,0.039192,70.29497664,52.77161215,71.46320093,18.69158879,4.477390389,-279.843787,1.393784242,-94.66176935,0.553837623,70.29497664
211,Downward,TRUE,0.560360432,195.9881416,196.0162936,0.028152,65.1347863,51.24589741,66.9463805,15.70048309,5.852960779,-608.2977944,1.201260666,-100.462217,0.430272421,64.53092156
212,Downward,TRUE,0.759482801,196.1710838,196.2013238,0.03024,68.77221564,58.40491706,70.84567536,12.44075829,3.377984086,-221.730701,1.703608078,-90.68799099,0.677203445,69.66084123
213,Upward,TRUE,1,196.2254106,196.2320026,0.006592,95.48659512,94.27886566,97.29818933,3.019323671,1.252200565,-11.33266316,1.524321615,-105.4010865,0.381535911,95.48659512
214,Downward,TRUE,0.804002941,196.6922058,196.7101578,0.017952,67.59308511,58.94946809,69.58776596,10.63829787,3.373966611,-409.5755621,1.681477452,-95.09167205,0.595609702,66.92819149
215,Downward,TRUE,0.82343936,196.8967356,196.9296636,0.032928,69.01649746,51.88451777,73.45812183,21.57360406,5.889539471,-387.0674141,2.420965579,-90.34755331,0.657519082,70.28553299
216,Complex,TRUE,0.737730503,197.1014085,197.1334845,0.032076,72.8227459,70.26127049,73.84733607,3.586065574,1.119398141,-86.40601831,1.185903747,-76.06431047,0.840678391,72.8227459
217,Chevron,TRUE,0.726388097,198.784624,198.806944,0.02232,56.85600829,48.56871547,60.30904696,11.74033149,3.683117969,-314.15873,1.400732016,-90.4191427,0.690710451,59.61843923
218,Downward,TRUE,0.679700077,199.1415914,199.1780234,0.036432,69.24278846,50.91346154,74.35096154,23.4375,6.266794878,-400.3603321,2.342988347,-83.08008,0.757691219,70.14423077
219,Downward,TRUE,0.908795118,199.3475644,199.3890364,0.041472,68.5378886,51.05084197,70.48089378,19.43005181,5.651846367,-353.566182,1.251544766,-82.13596693,0.795900398,69.18555699
220,Upward,TRUE,0.587443292,204.4943843,204.5097563,0.015372,64.21195652,59.79619565,67.94836957,8.152173913,2.770903443,514.2984224,1.212378329,-106.2400301,0.349125939,65.23097826
221,Complex,TRUE,0.831898808,209.4600741,209.4979141,0.03784,72.8591629,66.07183258,83.04015837,16.96832579,3.550358911,165.8259143,1.830081991,-91.3907351,0.638306406,71.72794118
222,Complex,TRUE,0.67400825,209.8013648,209.8259808,0.024616,67.11538462,58.87362637,71.92307692,13.04945055,3.332415312,-64.83797889,1.98112356,-103.5695139,0.403771744,67.8021978
223,Chevron,TRUE,0.60554713,210.2935195,210.3119155,0.018396,66.72659817,63.01655251,68.15353881,5.136986301,1.626800108,-176.9653776,1.272672506,-102.8906017,0.380931091,67.58276256
224,Complex,TRUE,0.680613995,210.4721389,210.5243509,0.052212,68.4375,58.6548913,74.41576087,15.76086957,4.583574139,-191.0596315,2.068175952,-97.2073438,0.514496179,71.1548913
225,Downward,TRUE,0.792388618,210.6464977,210.6998737,0.053376,69.98095878,63.70855735,74.01321685,10.3046595,2.72322692,-133.9794693,1.532857711,-93.30494772,0.611520895,70.87701613
226,Downward,TRUE,0.829128683,210.8317989,210.8938389,0.06204,69.08687943,63.54609929,71.5248227,7.978723404,2.189321701,-95.62192379,1.278983087,-94.57954989,0.545989847,68.86524823
227,Downward,TRUE,0.746961415,211.0242192,211.0762952,0.052076,69.0692446,65.4721223,72.66636691,7.194244604,2.015037419,-104.9332888,1.310139356,-91.04971067,0.66126229,69.0692446
228,Downward,TRUE,0.67941606,211.2129413,211.2604733,0.047532,69.12126068,61.10844017,74.99732906,13.88888889,3.404272213,-213.6481469,1.659678273,-95.01350662,0.549972568,70.72382479
229,Complex,TRUE,0.709839404,211.4119173,211.4493093,0.037392,69.03183765,63.44240675,72.58874822,9.146341463,2.835383229,-106.6984212,1.700249855,-101.4516135,0.411940572,70.55622789
230,Chevron,TRUE,0.659195423,211.5967565,211.6176365,0.02088,70.60105364,64.8539272,72.03783525,7.183908046,1.950737944,-110.813131,1.78252951,-99.87362023,0.437211208,69.64319923
231,Chevron,TRUE,0.80824846,211.7794591,211.8133391,0.03388,68.43235597,60.71630658,69.46116255,8.744855967,2.720229868,-68.87107055,1.748934969,-93.50183261,0.604291633,69.46116255
232,Complex,TRUE,1,212.3587641,212.3803641,0.0216,61.08072203,54.86525241,61.77132976,6.906077348,2.485456936,-281.9899251,1.089926509,-108.1440635,0.286747227,61.77132976
233,Complex,TRUE,0.707399547,212.5285991,212.5431191,0.01452,67.65060241,62.7560241,71.03915663,8.28313253,3.004280498,529.2990252,1.205557369,-107.1332758,0.326536323,69.53313253
234,Downward,TRUE,0.745643973,213.1734484,213.2159284,0.04248,68.24090085,51.66631521,71.69393952,20.02762431,7.122494962,-489.635485,1.308506847,-96.58331678,0.512931574,71.00333179
235,Complex,TRUE,0.671817958,215.1881707,215.2319467,0.043776,69.70588235,58.02768166,72.30103806,14.2733564,5.452625279,-279.8443393,2.294383442,-105.2363191,0.2905827,72.30103806
236,Chevron,TRUE,0.795397401,215.3952259,215.4219939,0.026768,70.83333333,64.0625,71.35416667,7.291666667,1.880913124,-148.1439495,1.278281607,-93.09326622,0.633276517,71.35416667
237,Downward,TRUE,0.595282733,215.5935421,215.6143861,0.020844,59.96778351,53.84664948,62.22293814,8.37628866,2.766986834,-270.6345937,1.656969466,-106.7933279,0.320763432,60.28994845
238,Downward,TRUE,0.797875702,215.7658612,215.7917612,0.0259,68.07432432,57.60135135,69.76351351,12.16216216,3.529581165,-415.8397028,1.156518764,-100.7058648,0.452789872,69.08783784
239,Downward,TRUE,0.729215622,217.0245667,217.0385947,0.014028,63.69047619,57.73809524,64.43452381,6.696428571,1.980002697,-429.5957952,1.110882976,-103.1326504,0.403874176,61.45833333
240,Complex,TRUE,0.644898057,217.2090433,217.2433153,0.034272,70.31185999,59.94600633,72.75088438,12.80487805,3.5913507,-248.2558537,1.434583406,-99.50725491,0.44173297,71.53137218
241,Complex,TRUE,0.657292664,217.4110537,217.4379817,0.026928,67.37457648,63.36388129,71.38527167,8.021390374,2.399275544,131.4780658,1.304196656,-102.1810359,0.376749356,71.38527167
242,2Syllabes,TRUE,0.600431919,217.6048891,217.6210891,0.0162,66.25,60.73529412,81.875,21.13970588,3.461139467,-141.3815974,2.360046618,-105.7336158,0.245357271,67.16911765
243,Chevron,TRUE,0.667476177,220.4258795,220.4512995,0.02542,71.25303398,62.15109223,71.8598301,9.708737864,2.398185357,-102.9428896,1.452734449,-98.74705738,0.481091325,71.25303398
244,Downward,TRUE,0.818926096,221.3516205,221.3771085,0.025488,64.9805791,52.26871469,66.39300847,14.12429379,4.035796531,-410.2951589,1.217890712,-104.7005168,0.330609046,66.39300847
245,Downward,TRUE,0.748196483,221.554,221.575112,0.021112,64.28620219,53.35724044,67.01844262,13.66120219,3.966429555,-549.8112457,1.252719966,-102.7972204,0.383143163,62.23702186
246,2Syllabes,TRUE,0.678695202,221.9568278,221.9885958,0.031768,67.57625598,57.40879187,69.96860048,12.55980861,3.408730512,-299.4891098,1.306888178,-103.8632537,0.287141095,68.17434211
247,Downward,TRUE,0.804068685,222.1525075,222.1936795,0.041172,70,58.63636364,73.97727273,15.34090909,3.626299963,-190.0695859,1.71659757,-87.26645444,0.68692955,73.40909091
248,Downward,TRUE,0.634290874,222.3469067,222.3854267,0.03852,69.71656977,55.18168605,73.78633721,18.60465116,5.101067279,-362.1982056,1.416314135,-93.51601283,0.55629967,70.87936047
249,Chevron,TRUE,0.563769579,222.5593463,222.5767143,0.017368,66.52308252,59.82665394,67.26713013,7.44047619,1.923270115,-339.3900007,1.102734438,-104.1395105,0.280361785,67.26713013
250,Upward,TRUE,0.671503544,222.7490294,222.7570374,0.008008,84.68063187,81.24656593,86.74107143,5.494505495,1.612936794,600.3611773,1.08233513,-103.4116438,0.345482455,83.99381868
251,Chevron,TRUE,0.730959237,222.9451502,222.9702382,0.025088,69.0625,64.61805556,70.72916667,6.111111111,1.759199242,-147.8321214,1.320916114,-98.50710928,0.500946275,68.50694444
252,Chevron,TRUE,0.74779129,223.1389311,223.1691951,0.030264,69.36698718,62.95673077,70.64903846,7.692307692,2.112369098,-140.2603927,1.237283488,-99.61647071,0.447453973,66.80288462
253,Chevron,TRUE,0.738563061,223.3342832,223.3649192,0.030636,72.06730769,66.65865385,73.87019231,7.211538462,2.134142203,-81.70620679,1.326586082,-89.7062228,0.703363813,73.87019231
254,Chevron,TRUE,0.696321666,223.5239631,223.5483711,0.024408,70.17146018,64.64048673,71.27765487,6.637168142,1.954770026,-119.0513162,1.407953559,-93.02292825,0.593668199,71.27765487
255,Complex,TRUE,0.585974216,223.7236671,223.7400831,0.016416,92.3718318,89.49164747,95.25201613,5.760368664,1.54208702,-153.6929312,1.425330049,-98.67845831,0.54693276,92.3718318
256,Downward,TRUE,0.714882553,224.0815629,224.0971149,0.015552,64.56414676,55.92359377,66.29225736,10.36866359,3.218712484,-603.547399,1.152098282,-105.8613309,0.285356318,66.29225736
257,2Syllabes,TRUE,0.797471523,259.4381445,259.4950845,0.05694,64.65561224,51.9005102,79.32397959,27.42346939,7.435502413,253.4284467,1.719389348,-99.98141771,0.380374459,62.74234694
258,Downward,TRUE,0.83914125,259.610318,259.676902,0.066584,68.56004902,49.56495098,77.75122549,28.18627451,7.522801712,-334.0650202,1.569028875,-89.23158857,0.616222,71.01102941
259,Downward,TRUE,0.911129594,259.804846,259.876894,0.072048,70.33088235,58.7762605,75.58298319,16.80672269,3.894372371,-160.8108896,1.299206224,-82.65869363,0.738792202,68.23004202
260,Downward,TRUE,0.881367207,260.0063131,260.0750171,0.068704,69.55534141,58.54212555,78.91657489,20.37444934,4.548743424,-211.1917698,1.296955576,-79.97249081,0.76987418,69.55534141
261,Complex,TRUE,0.84449935,260.1874754,260.2563554,0.06888,69.20040486,56.04251012,73.24898785,17.20647773,4.513228125,-169.2090542,1.740406041,-87.51958852,0.634367762,71.73076923
262,Complex,TRUE,0.849237084,260.3869862,260.4434942,0.056508,71.16087545,66.4226083,75.8991426,9.476534296,2.518130851,-130.4101847,1.37987069,-80.44406075,0.760915548,71.38650722
263,Complex,TRUE,0.921735704,260.5724099,260.6307299,0.05832,70.92135609,64.46379151,75.0726476,10.60885609,2.421962006,-109.14461,1.438368346,-83.8790659,0.740025615,69.53759225
264,Complex,TRUE,0.715877593,260.7847358,260.8287358,0.044,71.82518116,70.46648551,75.44836957,4.981884058,1.592387383,-81.34098139,1.470452996,-80.62922298,0.744314183,71.37228261
265,Complex,TRUE,0.724929452,260.9740072,261.0013072,0.0273,77.15561224,68.22704082,78.43112245,10.20408163,2.626670493,226.464101,1.770929174,-92.50191888,0.611152717,72.05357143
266,Upward,TRUE,0.54800725,261.1599137,261.1621057,0.002192,67.79881387,56.84990876,69.62363139,12.77372263,5.459224563,1997.975385,7.110456038,-103.4804427,0.253941238,69.62363139
267,Downward,TRUE,0.857931912,263.4167535,263.4490895,0.032336,66.4324422,50.17521676,68.23880058,18.06358382,5.495467071,-473.1751849,1.224064516,-96.07672831,0.541502152,67.51625723
268,Downward,TRUE,0.652915955,263.5944807,263.6202727,0.025792,69.35406699,55.59808612,70.55023923,14.95215311,3.577043125,-135.9708261,1.632906045,-96.71613717,0.507901777,68.75598086
269,Complex,TRUE,0.64340955,263.8047163,263.8450363,0.04032,62.74254854,49.77574356,70.00395933,20.22821577,5.313583737,-206.7435466,2.984463375,-98.28116682,0.470153564,65.85458174
270,Downward,TRUE,0.731981456,263.9731905,264.0259705,0.05278,67.07107843,49.30147059,71.36029412,22.05882353,6.590104026,-326.8437183,1.676331504,-83.70402814,0.729681603,70.13480392
271,Downward,TRUE,0.883125365,264.1557983,264.2108783,0.05508,69.39338235,55.17769608,73.31495098,18.1372549,4.230273647,-201.5957898,1.491542158,-80.32051279,0.712252537,70.86397059
272,Downward,TRUE,0.877818406,264.359365,264.417541,0.058176,69.653633,49.02555419,77.96644089,28.9408867,6.309252036,-244.2856216,2.523201431,-75.76375512,0.774587195,70.57727833
273,2Syllabes,TRUE,0.615267515,264.5552745,264.6340185,0.078744,69.95489691,52.55798969,106.681701,54.12371134,11.92291147,138.5936264,3.353568185,-90.07027293,0.48129884,73.17654639
274,2Syllabes,TRUE,0.871176183,264.7584332,264.8080652,0.049632,69.65939153,54.44775132,104.7123016,50.26455026,9.662467121,-167.87435,3.865013717,-91.26916348,0.487742025,71.64351852
275,Complex,TRUE,0.808521211,264.9627478,265.0176558,0.054908,69.05526062,62.78112934,72.91626448,10.13513514,3.654581136,-181.6255919,1.3316906,-90.23985302,0.530417568,72.91626448
276,Complex,TRUE,0.749956369,265.1799319,265.2252919,0.04536,67.0675738,63.3775369,70.7576107,7.380073801,2.646592013,-161.6251187,1.407669746,-92.06694276,0.567317312,70.7576107
277,Complex,TRUE,0.560613334,265.3847665,265.4187265,0.03396,59.95921138,51.81660574,64.1405494,12.32394366,4.452226673,-287.9672538,2.171223557,-103.6066333,0.361466922,63.26026771
278,Complex,TRUE,0.722282946,265.5775129,265.6042009,0.026688,92.11581541,90.32370072,94.80398746,4.480286738,0.783730093,77.48143917,1.15446261,-86.981901,0.755499543,92.11581541
279,Upward,TRUE,0.670557618,266.1133974,266.1258414,0.012444,71.58967391,68.87228261,73.62771739,4.755434783,1.477604046,411.249017,1.054982819,-93.43478632,0.603800501,70.23097826
280,Complex,TRUE,0.701730251,266.465105,266.503241,0.038136,64.41337719,57.28618421,67.70285088,10.41666667,3.96304194,-260.8663123,1.74988139,-93.63973039,0.555180717,66.60635965
281,Downward,TRUE,0.860924602,266.6369716,266.6978076,0.060836,68.79680617,53.37830396,73.20209251,19.82378855,5.92531528,-276.5150093,1.560763401,-88.36985258,0.664991489,69.34746696
282,Complex,TRUE,0.876903176,266.8210159,266.8805239,0.059508,69.08158397,60.49379771,71.94417939,11.45038168,3.026878889,-87.30921131,1.516958109,-86.2211563,0.725674134,70.03578244
283,Complex,TRUE,0.856401801,267.0082324,267.0678484,0.059616,68.29535199,60.1726083,71.90546029,11.73285199,3.302899034,-136.1331019,1.609045696,-92.74182318,0.597756334,71.90546029
284,Complex,TRUE,0.743526101,267.2040162,267.2403242,0.036308,71.19824841,68.01353503,72.39251592,4.378980892,1.022620541,-23.55540488,1.384213468,-80.42509884,0.802163928,71.99442675
285,Complex,TRUE,0.730165422,267.4289747,267.4485267,0.019552,57.93882979,53.28457447,59.93351064,6.64893617,2.126700377,-226.7094984,1.349982806,-101.5362616,0.436010042,58.6037234
286,Downward,TRUE,0.72364831,267.5905598,267.6320878,0.041528,67.15277778,51.18055556,72.01388889,20.83333333,7.810850413,-583.3538309,1.234009369,-95.69871351,0.530346269,69.93055556
287,Complex,TRUE,0.654931128,267.8297134,267.8571054,0.027392,57.73088036,52.76592709,58.60704858,5.841121495,1.916851996,-158.4340495,1.190572203,-104.3207217,0.279300259,58.60704858
288,Complex,TRUE,0.709475458,267.9947244,268.0343724,0.039648,69.20550847,56.49364407,71.85381356,15.36016949,3.437208503,-194.9635652,1.4833173,-94.90949781,0.540117799,71.85381356
289,Upward,TRUE,0.695720792,268.2135018,268.2374218,0.02392,80.63988095,75.76975108,81.18100649,5.411255411,1.705519731,219.0959417,1.082039609,-102.3828946,0.399886569,80.09875541
290,Complex,TRUE,0.560308695,268.3977188,268.4185748,0.020856,81.8367616,80.25448312,85.52874473,5.274261603,1.067118458,-117.7587485,1.268722533,-105.9358672,0.358958961,81.8367616
291,Downward,TRUE,0.687856853,268.9713813,268.9847413,0.01336,55.32738095,50.86309524,60.53571429,9.672619048,3.19449836,-765.2251156,1.064185182,-105.0456753,0.347246215,53.0952381
292,Downward,TRUE,0.662440717,269.1672063,269.2075823,0.040376,69.17779126,55.22148058,72.81856796,17.59708738,4.676839088,-254.5673751,1.98888402,-93.72977134,0.550484772,70.99817961
293,Downward,TRUE,0.659286141,269.3406493,269.4010653,0.060416,68.53771097,53.24235232,77.5039557,24.26160338,4.715131898,-193.9138587,2.701137342,-94.24046183,0.53312145,72.22969409
294,Downward,TRUE,0.713795185,269.5309441,269.5889241,0.05798,68.92857143,52.74553571,74.50892857,21.76339286,5.110704262,-247.992484,1.408919093,-93.96602939,0.52564298,72.27678571
295,Downward,TRUE,0.853961766,269.7502732,269.7978732,0.0476,69.63127615,60.74006276,74.33838912,13.59832636,3.855408158,-217.3667134,2.092019733,-91.21449366,0.618690987,72.24633891
296,Complex,TRUE,0.62904644,269.9501981,269.9796621,0.029464,67.1752451,60.80269608,67.1752451,6.37254902,2.064329866,-26.51205438,1.586321448,-94.72641855,0.603026241,67.1752451
297,Upward,TRUE,1,269.9977337,270.0049097,0.007176,92.98982188,91.32315522,95.48982188,4.166666667,1.590522526,510.132983,1.828125122,-102.3546951,0.456512743,93.82315522
298,2Syllabes,TRUE,0.659102976,270.8871282,270.8921202,0.004992,66.29989789,64.70754121,67.09607624,2.388535032,0.839245664,-467.8398389,1.081769269,-105.2380288,0.246914242,66.29989789
299,Downward,TRUE,0.767049909,272.9946196,273.0182836,0.023664,68.23170732,61.2195122,69.75609756,8.536585366,2.212651559,-236.3936974,1.267950429,-96.66607718,0.585223181,69.14634146
300,Complex,TRUE,0.76541543,274.1324503,274.1572903,0.02484,57.24759615,53.94230769,61.15384615,7.211538462,2.841279878,-352.1320025,1.151913507,-109.5830386,0.25130316,53.94230769
301,Downward,TRUE,0.765722096,276.1211108,276.1515308,0.03042,67.74234694,56.2627551,69.65561224,13.39285714,3.591898382,-266.4599539,1.401146804,-101.9510742,0.43400966,68.38010204